{"val_auc": 0.9142897689670479, "_timestamp": 1744239888.7947369, "_runtime": 5.733227968215942, "_step": 0, "_wandb": {"runtime": 5}}