{"val_auc": 0.9149213902231036, "_timestamp": 1744239631.3855739, "_runtime": 6.060661792755127, "_step": 0, "_wandb": {"runtime": 5}}