{"val_auc": 0.914688051790294, "_timestamp": 1744239647.955538, "_runtime": 6.265468120574951, "_step": 0, "_wandb": {"runtime": 4}}