{"val_auc": 0.9142897689670479, "_timestamp": 1744239706.64048, "_runtime": 6.346549987792969, "_step": 0, "_wandb": {"runtime": 5}}