{"val_auc": 0.9149213902231036, "_timestamp": 1744239464.430688, "_runtime": 6.8470728397369385, "_step": 0, "_wandb": {"runtime": 6}}