{"val_auc": 0.9149213902231036, "_timestamp": 1744239306.0160158, "_runtime": 6.257654666900635, "_step": 0, "_wandb": {"runtime": 6}}