{"val_auc": 0.9149213902231036, "_timestamp": 1744239690.413676, "_runtime": 6.02275013923645, "_step": 0, "_wandb": {"runtime": 5}}