{"val_auc": 0.9113493508642074, "_timestamp": 1744239261.115754, "_runtime": 3.2897658348083496, "_step": 0, "_wandb": {"runtime": 3}}