{"val_auc": 0.9005200211856739, "_timestamp": 1744238894.0207732, "_runtime": 2.211057186126709, "_step": 0, "_wandb": {"runtime": 1}}