{"val_auc": 0.9142897689670479, "_timestamp": 1744239479.2125921, "_runtime": 5.862178087234497, "_step": 0, "_wandb": {"runtime": 5}}