{"val_auc": 0.9149213902231036, "_timestamp": 1744238971.688998, "_runtime": 6.691088914871216, "_step": 0, "_wandb": {"runtime": 6}}