{"val_auc": 0.9163920896087521, "_timestamp": 1744239384.520109, "_runtime": 5.7237420082092285, "_step": 0, "_wandb": {"runtime": 5}}