{"val_auc": 0.9142897689670479, "_timestamp": 1744239247.68142, "_runtime": 5.508088111877441, "_step": 0, "_wandb": {"runtime": 5}}