{"val_auc": 0.9163920896087521, "_timestamp": 1744239574.913353, "_runtime": 6.704218864440918, "_step": 0, "_wandb": {"runtime": 6}}