{"val_auc": 0.9149213902231036, "_timestamp": 1744238987.098999, "_runtime": 6.313915014266968, "_step": 0, "_wandb": {"runtime": 6}}