{"val_auc": 0.9142897689670479, "_timestamp": 1744239600.6775181, "_runtime": 6.6815690994262695, "_step": 0, "_wandb": {"runtime": 6}}