{"val_auc": 0.9149213902231036, "_timestamp": 1744239558.350005, "_runtime": 6.52249002456665, "_step": 0, "_wandb": {"runtime": 6}}