{"val_auc": 0.9149213902231036, "_timestamp": 1744239831.722497, "_runtime": 6.365709066390991, "_step": 0, "_wandb": {"runtime": 6}}