{"val_auc": 0.9149213902231036, "_timestamp": 1744239736.571218, "_runtime": 6.0381340980529785, "_step": 0, "_wandb": {"runtime": 5}}