{"val_auc": 0.9114024383906668, "_timestamp": 1744239062.417013, "_runtime": 3.4543650150299072, "_step": 0, "_wandb": {"runtime": 3}}