{"val_auc": 0.9163920896087521, "_timestamp": 1744239353.3482409, "_runtime": 6.0065507888793945, "_step": 0, "_wandb": {"runtime": 5}}