{"val_auc": 0.9149213902231036, "_timestamp": 1744239874.389896, "_runtime": 6.755906820297241, "_step": 0, "_wandb": {"runtime": 6}}