{"val_auc": 0.9163920896087521, "_timestamp": 1744239400.298835, "_runtime": 5.713125944137573, "_step": 0, "_wandb": {"runtime": 5}}