{"val_auc": 0.9149213902231036, "_timestamp": 1744239506.498431, "_runtime": 6.497143983840942, "_step": 0, "_wandb": {"runtime": 5}}