{"_timestamp":1.744344740091249e+09,"_runtime":6.657366,"_step":0,"_wandb":{"runtime":6},"test_auc":0.91014375}