{"val_auc": 0.9149213902231036, "_timestamp": 1744239232.863339, "_runtime": 6.33657693862915, "_step": 0, "_wandb": {"runtime": 5}}