{"val_auc": 0.9163920896087521, "_timestamp": 1744239369.015625, "_runtime": 5.886384963989258, "_step": 0, "_wandb": {"runtime": 5}}