{"val_auc": 0.9149213902231036, "_timestamp": 1744239523.64677, "_runtime": 7.9518420696258545, "_step": 0, "_wandb": {"runtime": 6}}