{"val_auc": 0.9163920896087521, "_timestamp": 1744239768.248405, "_runtime": 5.925076961517334, "_step": 0, "_wandb": {"runtime": 5}}