{"val_auc": 0.9149213902231036, "_timestamp": 1744239034.127837, "_runtime": 6.17376184463501, "_step": 0, "_wandb": {"runtime": 5}}