{"val_auc": 0.9055786123852725, "_timestamp": 1744238871.098321, "_runtime": 2.504188060760498, "_step": 0, "_wandb": {"runtime": 2}}