{"val_auc": 0.9149213902231036, "_timestamp": 1744239216.789091, "_runtime": 6.001711130142212, "_step": 0, "_wandb": {"runtime": 5}}