{"val_auc": 0.8854009039377216, "_timestamp": 1744239658.330785, "_runtime": 1.6078951358795166, "_step": 0, "_wandb": {"runtime": 1}}