{"val_auc": 0.9112341981454164, "_timestamp": 1744239123.134188, "_runtime": 6.3312530517578125, "_step": 0, "_wandb": {"runtime": 6}}