{"val_auc": 0.9149213902231036, "_timestamp": 1744239185.51262, "_runtime": 6.148158073425293, "_step": 0, "_wandb": {"runtime": 5}}