{"val_auc": 0.9070755876195724, "_timestamp": 1744238883.979539, "_runtime": 2.2263360023498535, "_step": 0, "_wandb": {"runtime": 1}}