{"val_auc": 0.9149213902231036, "_timestamp": 1744239542.683278, "_runtime": 6.282692193984985, "_step": 0, "_wandb": {"runtime": 6}}