{"_runtime":5.608451,"_step":0,"_wandb":{"runtime":5},"test_auc":0.9103620012945822,"_timestamp":1.744348004270794e+09}