{"val_auc": 0.9149213902231036, "_timestamp": 1744239075.624945, "_runtime": 6.0847649574279785, "_step": 0, "_wandb": {"runtime": 5}}