{"val_auc": 0.9142897689670479, "_timestamp": 1744239107.212405, "_runtime": 6.255066871643066, "_step": 0, "_wandb": {"runtime": 5}}