{"val_auc": 0.9138366900300311, "_timestamp": 1744238955.0394912, "_runtime": 4.485345125198364, "_step": 0, "_wandb": {"runtime": 3}}