{"val_auc": 0.914130071658354, "_timestamp": 1744238924.675794, "_runtime": 6.482868909835815, "_step": 0, "_wandb": {"runtime": 6}}