{"val_auc": 0.9149213902231036, "_timestamp": 1744239201.834197, "_runtime": 6.7300190925598145, "_step": 0, "_wandb": {"runtime": 6}}