{"val_auc": 0.9163920896087521, "_timestamp": 1744239337.353309, "_runtime": 5.853526830673218, "_step": 0, "_wandb": {"runtime": 5}}