{"val_auc": 0.9142897689670479, "_timestamp": 1744239138.967288, "_runtime": 6.292014122009277, "_step": 0, "_wandb": {"runtime": 5}}