{"val_auc": 0.8849114391679629, "_timestamp": 1744239492.657046, "_runtime": 3.5165929794311523, "_step": 0, "_wandb": {"runtime": 3}}