{"_timestamp":1.744342901781541e+09,"_runtime":6.123367,"_step":0,"_wandb":{"runtime":6},"test_auc":0.9128289999999999}