{"val_auc": 0.911057455403546, "_timestamp": 1744239432.434659, "_runtime": 6.416055917739868, "_step": 0, "_wandb": {"runtime": 6}}