{"val_auc": 0.9149213902231036, "_timestamp": 1744239616.2211142, "_runtime": 6.528375148773193, "_step": 0, "_wandb": {"runtime": 6}}