{"val_auc": 0.9149213902231036, "_timestamp": 1744239290.157593, "_runtime": 6.217530012130737, "_step": 0, "_wandb": {"runtime": 5}}