{"val_auc": 0.9149213902231036, "_timestamp": 1744239416.133489, "_runtime": 5.817901849746704, "_step": 0, "_wandb": {"runtime": 5}}