{"val_auc": 0.8814411365789698, "_timestamp": 1744239859.510515, "_runtime": 2.301223039627075, "_step": 0, "_wandb": {"runtime": 1}}