{"val_auc": 0.9149213902231036, "_timestamp": 1744239721.8968298, "_runtime": 6.676591873168945, "_step": 0, "_wandb": {"runtime": 6}}