{"_step":0,"_wandb":{"runtime":6},"test_auc":0.9091644999999999,"_timestamp":1.744347713526459e+09,"_runtime":6.050015}