{"val_auc": 0.9149213902231036, "_timestamp": 1744238909.282154, "_runtime": 6.91311502456665, "_step": 0, "_wandb": {"runtime": 6}}