{"_step":0,"_wandb":{"runtime":5},"test_auc":0.9163920896087521,"_timestamp":1.744240381540352e+09,"_runtime":5.447437}