{"val_auc": 0.9149213902231036, "_timestamp": 1744238939.397832, "_runtime": 5.931762933731079, "_step": 0, "_wandb": {"runtime": 5}}