{"val_auc": 0.9142897689670479, "_timestamp": 1744239274.250753, "_runtime": 5.911787033081055, "_step": 0, "_wandb": {"runtime": 5}}