{"_step":0,"_wandb":{"runtime":6},"test_auc":0.910883,"_timestamp":1.7443432395300999e+09,"_runtime":6.264382}