{"val_auc": 0.914688051790294, "_timestamp": 1744239845.713784, "_runtime": 4.5205090045928955, "_step": 0, "_wandb": {"runtime": 4}}