{"val_auc": 0.9149213902231036, "_timestamp": 1744239049.361326, "_runtime": 6.0493950843811035, "_step": 0, "_wandb": {"runtime": 5}}