{"_wandb":{"runtime":5},"test_auc":0.9116218394922341,"_timestamp":1.7443426781533608e+09,"_runtime":5.887592,"_step":0}