{"val_auc": 0.914688051790294, "_timestamp": 1744239799.07526, "_runtime": 5.145421028137207, "_step": 0, "_wandb": {"runtime": 4}}