{"val_auc": 0.9142897689670479, "_timestamp": 1744239002.298173, "_runtime": 5.679203987121582, "_step": 0, "_wandb": {"runtime": 5}}