{"val_auc": 0.9149213902231036, "_timestamp": 1744239090.992502, "_runtime": 5.816788911819458, "_step": 0, "_wandb": {"runtime": 5}}