{"val_auc": 0.9163920896087521, "_timestamp": 1744239322.401809, "_runtime": 6.439132928848267, "_step": 0, "_wandb": {"runtime": 6}}