{"val_auc": 0.9149213902231036, "_timestamp": 1744239752.2974982, "_runtime": 6.072589159011841, "_step": 0, "_wandb": {"runtime": 5}}