{"val_auc": 0.9149213902231036, "_timestamp": 1744239018.635371, "_runtime": 6.373079061508179, "_step": 0, "_wandb": {"runtime": 6}}