{"val_auc": 0.9138366900300311, "_timestamp": 1744239152.514828, "_runtime": 4.36601185798645, "_step": 0, "_wandb": {"runtime": 3}}