{"_timestamp":1.744347634134475e+09,"_runtime":5.91343,"_wandb":{"runtime":5},"_step":0,"test_auc":0.9115086666666665}