{"val_auc": 0.9135892380594314, "_timestamp": 1744239586.9209511, "_runtime": 3.1525981426239014, "_step": 0, "_wandb": {"runtime": 2}}