{"XGBoost_fold3_AUC":0.9032457055638324,"GradientBoosting_fold5_AUC":0.8766303853839372,"LightGBM_fold5_AUC":0.8924169089310076,"RandomForest_fold2_AUC":0.8748252438180554,"GradientBoosting_fold3_AUC":0.8855515073118131,"_wandb":{"runtime":84},"XGBoost_std_AUC":0.0023329777358465286,"RandomForest_fold3_AUC":0.8763350524125985,"LightGBM_std_AUC":0.003934460948159167,"XGBoost_fold4_AUC":0.8985934056393622,"XGBoost_fold5_AUC":0.8974336202972734,"LightGBM_fold4_AUC":0.8926500349467872,"XGBoost_fold2_AUC":0.9030221853763015,"RandomForest_std_AUC":0.004269554377255773,"GradientBoosting_fold2_AUC":0.8829636202503293,"GradientBoosting_fold4_AUC":0.8766031046799629,"GradientBoosting_std_AUC":0.003592161757140696,"_runtime":84.284251,"GradientBoosting_fold1_AUC":0.8785706511750314,"RandomForest_fold1_AUC":0.8697160114078811,"LightGBM_fold2_AUC":0.900881343143781,"LightGBM_fold3_AUC":0.9011957510090306,"_timestamp":1.744065537081611e+09,"_step":23,"GradientBoosting_mean_AUC":0.8800638537602147,"RandomForest_fold5_AUC":0.8662252847800621,"XGBoost_fold1_AUC":0.901183611295734,"LightGBM_fold1_AUC":0.8942892587076613,"LightGBM_mean_AUC":0.8962866593476535,"RandomForest_fold4_AUC":0.8660735743683837,"RandomForest_mean_AUC":0.8706350333573962,"XGBoost_mean_AUC":0.9006957056345006}