{"val_auc": 0.9149213902231036, "_timestamp": 1744239170.725837, "_runtime": 6.805991888046265, "_step": 0, "_wandb": {"runtime": 6}}