{"val_auc": 0.9149213902231036, "_timestamp": 1744239784.989565, "_runtime": 6.838749885559082, "_step": 0, "_wandb": {"runtime": 6}}