{"val_auc": 0.9149213902231036, "_timestamp": 1744239816.2650628, "_runtime": 6.323593854904175, "_step": 0, "_wandb": {"runtime": 5}}