{"GradientBoosting_mean_AUC":0.8800638537602147,"GradientBoosting_std_AUC":0.003592161757140696,"RandomForest_mean_AUC":0.8706350333573962,"_step":3,"model_summary":{"nrows":1,"_type":"table-file","sha256":"e5f40802c2f4637a99edaf3775d0be112ddc53fbc40fd851da1ae6fd3ee33cd5","size":111,"artifact_path":"wandb-client-artifact://t6f9w8t3e4p00dpednws8xw7zqjrae14jvdoh0ez5wz1h37s1whbm0d7048kfu5vio40i6b8ykj19u8fo4xjouwljyxhu4ou8t2b3dx30tmocd1ov2umvaol3ogwbfyc/model_summary.table.json","_latest_artifact_path":"wandb-client-artifact://z244vtgmljlz0yep1hn4jsfxegwipq08kdhz36tjrjcnhmxhv8njowgu48mkamzw4b4kmhfswcjxqq6824rfr88vu1v02kudgppdngpq4gkvhbluk7qzh2o8bgtkyzrs:latest/model_summary.table.json","path":"media/table/model_summary_3_e5f40802c2f4637a99ed.table.json","ncols":3},"RandomForest_AUCs":[0.8697160114078811,0.8748252438180554,0.8763350524125985,0.8660735743683837,0.8662252847800621],"_timestamp":1.744066092285507e+09,"RandomForest_std_AUC":0.004269554377255773,"XGBoost_std_AUC":0.0023329777358465286,"LightGBM_mean_AUC":0.8962866593476535,"XGBoost_AUCs":[0.901183611295734,0.9030221853763015,0.9032457055638324,0.8985934056393622,0.8974336202972734],"LightGBM_std_AUC":0.003934460948159167,"XGBoost_mean_AUC":0.9006957056345006,"LightGBM_AUCs":[0.8942892587076613,0.900881343143781,0.9011957510090306,0.8926500349467872,0.8924169089310076],"_wandb":{"runtime":85},"_runtime":84.28614,"GradientBoosting_AUCs":[0.8785706511750314,0.8829636202503293,0.8855515073118131,0.8766031046799629,0.8766303853839372]}