{"val_auc": 0.9149213902231036, "_timestamp": 1744239674.519091, "_runtime": 6.7809669971466064, "_step": 0, "_wandb": {"runtime": 6}}